<?xml version="1.0" encoding="UTF-8"?>
<!DOCTYPE mapper PUBLIC "-//mybatis.org//DTD Mapper 3.0//EN" "http://mybatis.org/dtd/mybatis-3-mapper.dtd">
<mapper namespace="com.niit.mapper.CartItemMapper">
  <resultMap id="BaseResultMap" type="com.niit.pojo.CartItem">
    <id column="cart_item_id" jdbcType="INTEGER" property="cartItemId" />
    <result column="cart_id" jdbcType="INTEGER" property="cartId" />
   <result column="dish_count" jdbcType="INTEGER" property="dishCount" />
    <association column="dish_id" jdbcType="INTEGER" property="dishId" javaType="com.niit.pojo.Dish" resultMap="DishMap"/>
  </resultMap>
  
  <resultMap id="DishMap" type="com.niit.pojo.Dish">
    <id column="dish_id" jdbcType="INTEGER" property="dishId" />
    <result column="window_id" jdbcType="INTEGER" property="windowId" />
    <result column="dish_name" jdbcType="VARCHAR" property="dishName" />
    <result column="dish_price" jdbcType="DECIMAL" property="dishPrice" />
    <result column="dish_discription" jdbcType="VARCHAR" property="dishDiscription" />
  </resultMap>
  
 
  
  <delete id="deleteByPrimaryKey" parameterType="java.lang.Integer">
    delete from cart_item
    where cart_item_id = #{cartItemId,jdbcType=INTEGER}
  </delete>
  
  <delete id="deleteBycartId" parameterType="java.lang.Integer">
    delete from cart_item
    where cart_id = #{cartId,jdbcType=INTEGER}
  </delete>
  
   
  <insert id="insert" parameterType="com.niit.pojo.CartItem">
    insert into cart_item ( cart_id, dish_id, 
      dish_count)
    values ( #{cartId,jdbcType=INTEGER}, #{dishId.dishId,jdbcType=INTEGER}, 
      #{dishCount,jdbcType=INTEGER})
  </insert>
  <insert id="insert2">
    insert into cart_item ( cart_id, dish_id, 
      dish_count)
    values ( #{cartId,jdbcType=INTEGER}, #{dishId,jdbcType=INTEGER}, 
      #{dishCount,jdbcType=INTEGER})
  </insert>
 
  
  
  <update id="updateByPrimaryKey" parameterType="com.niit.pojo.CartItem">
    update cart_item
    set cart_id = #{cartId,jdbcType=INTEGER},
      dish_id = #{dishId.dishId,jdbcType=INTEGER},
      dish_count = #{dishCount,jdbcType=INTEGER}
    where cart_item_id = #{cartItemId,jdbcType=INTEGER}
  </update>
  <select id="selectByPrimaryKey" parameterType="java.lang.Integer" resultMap="BaseResultMap">
   select ci.*,d.* from cart_item ci,dish d
    left join on ci.dish_id=d.dish_id
    where cart_item_id = #{cartItemId,jdbcType=INTEGER}
   </select>
   
    <select id="TestIfHasIt" parameterType="java.lang.Integer" resultMap="BaseResultMap">
   select * from cart_item
    where cart_item_id = #{cartItemId,jdbcType=INTEGER}
   </select>
  <select id="selectAll" resultMap="BaseResultMap">
    select *
    from cart_item
  </select>
</mapper>