<?xml version="1.0" encoding="UTF-8"?>
<!DOCTYPE mapper PUBLIC "-//mybatis.org//DTD Mapper 3.0//EN" "http://mybatis.org/dtd/mybatis-3-mapper.dtd">

<mapper namespace="com.niit.mapper.FavoriteCanteenMapper">
  
  <resultMap id="BaseResultMap" type="com.niit.pojo.FavoriteCanteen">
    
    <id column="favorite_canteen_id" jdbcType="INTEGER" property="favoriteCanteenId" />
    <result column="favorite_id" jdbcType="INTEGER" property="favoriteId" />
    <association column="canteen_id" jdbcType="INTEGER" property="canteenId" resultMap="CanteenMap" />
   
   </resultMap>
   
    <resultMap id="CanteenMap" type="com.niit.pojo.Canteen">
    <id column="canteen_id" jdbcType="INTEGER" property="canteenId" />
    <result column="canteen_name" jdbcType="VARCHAR" property="canteenName" />
    <result column="canteen_tele" jdbcType="VARCHAR" property="canteenTele" />
    <result column="canteen_address" jdbcType="VARCHAR" property="canteenAddress" />
     <result column="sort" jdbcType="INTEGER" property="type" />
  </resultMap>
   
  <delete id="deleteByPrimaryKey" parameterType="java.lang.Integer">
    delete from favorite_canteen
    where favorite_canteen_id = #{favoriteCanteenId,jdbcType=INTEGER}
  </delete>
  
  <delete id="deleteByUserId" parameterType="java.lang.Integer">
    delete from favorite_canteen
    where favorite_id = #{userId,jdbcType=INTEGER}
  </delete>
  
  <delete id="deleteByUserIdAndCanteenId" parameterType="map">
    delete from favorite_canteen
    where favorite_id = #{userId,jdbcType=INTEGER} and canteen_id=#{canteenId,jdbcType=INTEGER}
  </delete>
  
  <insert id="insert" parameterType="com.niit.pojo.FavoriteCanteen">
    insert into favorite_canteen ( favorite_id, canteen_id
      )
    values ( #{favoriteId,jdbcType=INTEGER}, #{canteenId.canteenId,jdbcType=INTEGER}
      )
  </insert>
  
  <update id="updateByPrimaryKey" parameterType="com.niit.pojo.FavoriteCanteen">
    update favorite_canteen
    set favorite_id = #{favoriteId,jdbcType=INTEGER},
      canteen_id = #{canteenId.canteenId,jdbcType=INTEGER}
    where favorite_canteen_id = #{favoriteCanteenId,jdbcType=INTEGER}
  </update>
  
  <select id="selectByPrimaryKey" parameterType="java.lang.Integer" resultMap="BaseResultMap">
    select favorite_canteen_id, favorite_id, canteen_id
    from favorite_canteen
    where favorite_canteen_id = #{favoriteCanteenId,jdbcType=INTEGER}
  </select>
  <select id="selectAll" resultMap="BaseResultMap">
    select  fc.*,c.* 
   from favorite_canteen fc left join canteen c on fc.canteen_id=c.canteen_id
  </select>
  <select id="selectByUserId" resultMap="BaseResultMap">
  select fc.*,c.* 
  from favorite_canteen fc left join canteen c on fc.canteen_id=c.canteen_id
    where fc.favorite_id = #{userId,jdbcType=INTEGER}
  </select>
  </mapper>