-- MySQL dump 10.13  Distrib 5.7.28, for macos10.14 (x86_64)
--
-- Host: localhost    Database: foodie
-- ------------------------------------------------------
-- Server version	5.7.28-log

/*!40101 SET @OLD_CHARACTER_SET_CLIENT=@@CHARACTER_SET_CLIENT */;
/*!40101 SET @OLD_CHARACTER_SET_RESULTS=@@CHARACTER_SET_RESULTS */;
/*!40101 SET @OLD_COLLATION_CONNECTION=@@COLLATION_CONNECTION */;
/*!40101 SET NAMES utf8 */;
/*!40103 SET @OLD_TIME_ZONE=@@TIME_ZONE */;
/*!40103 SET TIME_ZONE='+00:00' */;
/*!40014 SET @OLD_UNIQUE_CHECKS=@@UNIQUE_CHECKS, UNIQUE_CHECKS=0 */;
/*!40014 SET @OLD_FOREIGN_KEY_CHECKS=@@FOREIGN_KEY_CHECKS, FOREIGN_KEY_CHECKS=0 */;
/*!40101 SET @OLD_SQL_MODE=@@SQL_MODE, SQL_MODE='NO_AUTO_VALUE_ON_ZERO' */;
/*!40111 SET @OLD_SQL_NOTES=@@SQL_NOTES, SQL_NOTES=0 */;

--
-- Table structure for table `canteen`
--

DROP TABLE IF EXISTS `canteen`;
/*!40101 SET @saved_cs_client     = @@character_set_client */;
/*!40101 SET character_set_client = utf8 */;
CREATE TABLE `canteen` (
  `canteen_id` int(11) NOT NULL,
  `canteen_name` varchar(30) DEFAULT NULL,
  `canteen_tele` varchar(30) DEFAULT NULL,
  `canteen_address` varchar(30) DEFAULT NULL,
  `sort` int(11) DEFAULT NULL,
  PRIMARY KEY (`canteen_id`)
) ENGINE=InnoDB DEFAULT CHARSET=utf8mb4;
/*!40101 SET character_set_client = @saved_cs_client */;

--
-- Dumping data for table `canteen`
--

LOCK TABLES `canteen` WRITE;
/*!40000 ALTER TABLE `canteen` DISABLE KEYS */;
INSERT INTO `canteen` VALUES (1,'海南大学第一食堂','66270001','海南大学',2),(2,'海南大学第二食堂','66270002','海南大学',2),(3,'海南大学第三食堂','66270003','海南大学',2),(4,'海南大学第四食堂','66270004','海南大学',2),(5,'海南大学第五食堂','66270005','海南大学',2),(6,'海南大学第六食堂','66270006','海南大学',2);
/*!40000 ALTER TABLE `canteen` ENABLE KEYS */;
UNLOCK TABLES;

--
-- Table structure for table `cart`
--

DROP TABLE IF EXISTS `cart`;
/*!40101 SET @saved_cs_client     = @@character_set_client */;
/*!40101 SET character_set_client = utf8 */;
CREATE TABLE `cart` (
  `cart_id` int(11) NOT NULL AUTO_INCREMENT,
  `cart_item_id` int(11) DEFAULT NULL,
  PRIMARY KEY (`cart_id`)
) ENGINE=InnoDB AUTO_INCREMENT=10103 DEFAULT CHARSET=utf8mb4;
/*!40101 SET character_set_client = @saved_cs_client */;

--
-- Dumping data for table `cart`
--

LOCK TABLES `cart` WRITE;
/*!40000 ALTER TABLE `cart` DISABLE KEYS */;
INSERT INTO `cart` VALUES (14,NULL),(15,NULL),(16,NULL),(21,NULL),(22,NULL),(27,NULL),(28,NULL),(29,NULL),(30,NULL),(31,NULL),(32,NULL),(33,NULL),(38,NULL),(50,NULL),(51,NULL),(101,NULL),(10101,NULL);
/*!40000 ALTER TABLE `cart` ENABLE KEYS */;
UNLOCK TABLES;

--
-- Table structure for table `cart_item`
--

DROP TABLE IF EXISTS `cart_item`;
/*!40101 SET @saved_cs_client     = @@character_set_client */;
/*!40101 SET character_set_client = utf8 */;
CREATE TABLE `cart_item` (
  `cart_id` int(11) DEFAULT NULL,
  `dish_id` int(11) DEFAULT NULL,
  `dish_count` int(11) DEFAULT NULL,
  `cart_item_id` int(11) NOT NULL AUTO_INCREMENT,
  PRIMARY KEY (`cart_item_id`)
) ENGINE=InnoDB AUTO_INCREMENT=154 DEFAULT CHARSET=utf8mb4;
/*!40101 SET character_set_client = @saved_cs_client */;

--
-- Dumping data for table `cart_item`
--

LOCK TABLES `cart_item` WRITE;
/*!40000 ALTER TABLE `cart_item` DISABLE KEYS */;
INSERT INTO `cart_item` VALUES (14,10103,1,68),(14,10104,1,69),(28,10102,1,104),(28,10302,1,105),(28,10401,1,106);
/*!40000 ALTER TABLE `cart_item` ENABLE KEYS */;
UNLOCK TABLES;

--
-- Table structure for table `comments`
--

DROP TABLE IF EXISTS `comments`;
/*!40101 SET @saved_cs_client     = @@character_set_client */;
/*!40101 SET character_set_client = utf8 */;
CREATE TABLE `comments` (
  `comment_id` int(11) NOT NULL AUTO_INCREMENT,
  `user_id` int(11) DEFAULT NULL,
  `canteen_id` int(11) DEFAULT NULL,
  `canteen_comment` varchar(45) DEFAULT NULL,
  `window_id` int(11) DEFAULT NULL,
  `window_comment` varchar(45) DEFAULT NULL,
  `dish_id` int(11) DEFAULT NULL,
  `dish_comment` varchar(45) DEFAULT NULL,
  `comment_type` varchar(45) DEFAULT NULL,
  PRIMARY KEY (`comment_id`),
  KEY `user_id_idx` (`user_id`),
  KEY `canteen_id_idx` (`canteen_id`),
  KEY `window_id_idx` (`window_id`),
  KEY `dish_id_idx` (`dish_id`),
  CONSTRAINT `canteen_id` FOREIGN KEY (`canteen_id`) REFERENCES `canteen` (`canteen_id`) ON DELETE NO ACTION ON UPDATE NO ACTION,
  CONSTRAINT `dish_id` FOREIGN KEY (`dish_id`) REFERENCES `dish` (`dish_id`) ON DELETE NO ACTION ON UPDATE NO ACTION,
  CONSTRAINT `user_id` FOREIGN KEY (`user_id`) REFERENCES `user` (`user_id`) ON DELETE NO ACTION ON UPDATE NO ACTION,
  CONSTRAINT `window_id` FOREIGN KEY (`window_id`) REFERENCES `window` (`window_id`) ON DELETE NO ACTION ON UPDATE NO ACTION
) ENGINE=InnoDB AUTO_INCREMENT=8 DEFAULT CHARSET=utf8mb4;
/*!40101 SET character_set_client = @saved_cs_client */;

--
-- Dumping data for table `comments`
--

LOCK TABLES `comments` WRITE;
/*!40000 ALTER TABLE `comments` DISABLE KEYS */;
INSERT INTO `comments` VALUES (5,38,1,'差评！=>comment_type=-1',NULL,NULL,NULL,NULL,'-1'),(6,38,NULL,NULL,202,'一般=>comment_type=0',NULL,NULL,'0'),(7,38,NULL,NULL,NULL,NULL,30101,'好评！=>comment_type=1','1');
/*!40000 ALTER TABLE `comments` ENABLE KEYS */;
UNLOCK TABLES;

--
-- Table structure for table `dish`
--

DROP TABLE IF EXISTS `dish`;
/*!40101 SET @saved_cs_client     = @@character_set_client */;
/*!40101 SET character_set_client = utf8 */;
CREATE TABLE `dish` (
  `dish_id` int(11) NOT NULL,
  `window_id` int(11) DEFAULT NULL,
  `dish_name` varchar(45) DEFAULT NULL,
  `dish_price` decimal(5,2) DEFAULT NULL,
  `dish_discription` varchar(45) DEFAULT NULL,
  `sort` int(11) DEFAULT NULL,
  PRIMARY KEY (`dish_id`)
) ENGINE=InnoDB DEFAULT CHARSET=utf8mb4;
/*!40101 SET character_set_client = @saved_cs_client */;

--
-- Dumping data for table `dish`
--

LOCK TABLES `dish` WRITE;
/*!40000 ALTER TABLE `dish` DISABLE KEYS */;
INSERT INTO `dish` VALUES (10101,101,'一食堂窗口1菜品1',101.01,'一食堂窗口1菜品1',0),(10102,101,'一食堂窗口1菜品2',101.02,'一食堂窗口1菜品2',0),(10103,101,'一食堂窗口1菜品3',101.03,'一食堂窗口1菜品3',0),(10104,101,'一食堂窗口1菜品4',101.04,'一食堂窗口1菜品4',0),(10105,101,'一食堂窗口1菜品5',101.05,'一食堂窗口1菜品5',0),(10201,102,'一食堂窗口2菜品1',102.01,'一食堂窗口2菜品1',0),(10202,102,'一食堂窗口2菜品2',102.02,'一食堂窗口2菜品2',0),(10203,102,'一食堂窗口2菜品3',102.03,'一食堂窗口2菜品3',0),(10301,103,'一食堂窗口3菜品1',103.01,'一食堂窗口3菜品1',0),(10302,103,'一食堂窗口3菜品2',103.02,'一食堂窗口3菜品2',0),(10303,103,'一食堂窗口3菜品3',103.03,'一食堂窗口3菜品3',0),(10401,104,'一食堂窗口4菜品1',104.01,'一食堂窗口4菜品1',0),(10501,105,'一食堂窗口5菜品1',105.01,'一食堂窗口5菜品1',0),(20101,201,'二食堂窗口1菜品1',101.01,'二食堂窗口1菜品1',0),(20102,201,'二食堂窗口1菜品1',101.02,'二食堂窗口1菜品1',0),(20103,201,'二食堂窗口1菜品3',101.03,'二食堂窗口1菜品3',0),(20104,201,'二食堂窗口1菜品4',101.04,'二食堂窗口1菜品4',0),(20105,201,'二食堂窗口1菜品5',101.05,'二食堂窗口1菜品5',0),(20201,202,'二食堂窗口2菜品1',102.01,'二食堂窗口2菜品1',0),(20202,202,'二食堂窗口2菜品2',102.02,'二食堂窗口2菜品2',0),(20203,202,'二食堂窗口2菜品3',102.03,'二食堂窗口2菜品3',0),(20301,203,'二食堂窗口3菜品1',103.01,'二食堂窗口3菜品1',0),(20302,203,'二食堂窗口3菜品2',103.02,'二食堂窗口3菜品2',0),(20303,203,'二食堂窗口3菜品3',103.03,'二食堂窗口3菜品3',0),(20401,204,'二食堂窗口4菜品1',104.01,'二食堂窗口4菜品1',0),(20501,205,'二食堂窗口5菜品1',105.01,'二食堂窗口5菜品1',0),(30101,301,'三食堂窗口1菜品1',101.01,'三食堂窗口1菜品1',0),(30102,301,'三食堂窗口1菜品1',101.02,'三食堂窗口1菜品1',0),(30103,301,'三食堂窗口1菜品3',101.03,'三食堂窗口1菜品3',0),(30104,301,'三食堂窗口1菜品4',101.04,'三食堂窗口1菜品4',0),(30105,301,'三食堂窗口1菜品5',101.05,'三食堂窗口1菜品5',0),(30201,302,'三食堂窗口2菜品1',102.01,'三食堂窗口2菜品1',0),(30202,302,'三食堂窗口2菜品2',102.02,'三食堂窗口2菜品2',0),(30203,302,'三食堂窗口2菜品3',102.03,'三食堂窗口2菜品3',0),(30301,303,'三食堂窗口3菜品1',103.01,'三食堂窗口3菜品1',0),(30302,303,'三食堂窗口3菜品2',103.02,'三食堂窗口3菜品2',0),(30303,303,'三食堂窗口3菜品3',103.03,'三食堂窗口3菜品3',0),(30401,304,'三食堂窗口4菜品1',104.01,'三食堂窗口4菜品1',0),(30501,305,'三食堂窗口5菜品1',105.01,'三食堂窗口5菜品1',0),(40101,401,'四食堂窗口1菜品1',101.01,'四食堂窗口1菜品1',0),(40102,401,'四食堂窗口1菜品1',101.02,'四食堂窗口1菜品1',0),(40103,401,'四食堂窗口1菜品3',101.03,'四食堂窗口1菜品3',0),(40104,401,'四食堂窗口1菜品4',101.04,'四食堂窗口1菜品4',0),(40105,401,'四食堂窗口1菜品5',101.05,'四食堂窗口1菜品5',0),(40201,402,'四食堂窗口2菜品1',102.01,'四食堂窗口2菜品1',0),(40202,402,'四食堂窗口2菜品2',102.02,'四食堂窗口2菜品2',0),(40203,402,'四食堂窗口2菜品3',102.03,'四食堂窗口2菜品3',0),(40301,403,'四食堂窗口3菜品1',103.01,'四食堂窗口3菜品1',0),(40302,403,'四食堂窗口3菜品2',103.02,'四食堂窗口3菜品2',0),(40303,403,'四食堂窗口3菜品3',103.03,'四食堂窗口3菜品3',0),(40401,404,'四食堂窗口4菜品1',104.01,'四食堂窗口4菜品1',0),(40501,405,'四食堂窗口5菜品1',105.01,'四食堂窗口5菜品1',0),(50101,501,'五食堂窗口1菜品1',101.01,'五食堂窗口1菜品1',0),(50102,501,'五食堂窗口1菜品1',101.02,'五食堂窗口1菜品1',0),(50103,501,'五食堂窗口1菜品3',101.03,'五食堂窗口1菜品3',0),(50104,501,'五食堂窗口1菜品4',101.04,'五食堂窗口1菜品4',0),(50105,501,'五食堂窗口1菜品5',101.05,'五食堂窗口1菜品5',0),(50201,502,'五食堂窗口2菜品1',102.01,'五食堂窗口2菜品1',0),(50202,502,'五食堂窗口2菜品2',102.02,'五食堂窗口2菜品2',0),(50203,502,'五食堂窗口2菜品3',102.03,'五食堂窗口2菜品3',0),(50301,503,'五食堂窗口3菜品1',103.01,'五食堂窗口3菜品1',0),(50302,503,'五食堂窗口3菜品2',103.02,'五食堂窗口3菜品2',0),(50303,503,'五食堂窗口3菜品3',103.03,'五食堂窗口3菜品3',0),(50401,504,'五食堂窗口4菜品1',104.01,'五食堂窗口4菜品1',0),(50501,505,'五食堂窗口5菜品1',105.01,'五食堂窗口5菜品1',0),(60101,601,'六食堂窗口1菜品1',101.01,'六食堂窗口1菜品1',0),(60102,601,'六食堂窗口1菜品1',101.02,'六食堂窗口1菜品1',0),(60103,601,'六食堂窗口1菜品3',101.03,'六食堂窗口1菜品3',0),(60104,601,'六食堂窗口1菜品4',101.04,'六食堂窗口1菜品4',0),(60105,601,'六食堂窗口1菜品5',101.05,'六食堂窗口1菜品5',0),(60201,602,'六食堂窗口2菜品1',102.01,'六食堂窗口2菜品1',0),(60202,602,'六食堂窗口2菜品2',102.02,'六食堂窗口2菜品2',0),(60203,602,'六食堂窗口2菜品3',102.03,'六食堂窗口2菜品3',0),(60301,603,'六食堂窗口3菜品1',103.01,'六食堂窗口3菜品1',0),(60302,603,'六食堂窗口3菜品2',103.02,'六食堂窗口3菜品2',0),(60303,603,'六食堂窗口3菜品3',103.03,'六食堂窗口3菜品3',0),(60401,604,'六食堂窗口4菜品1',104.01,'六食堂窗口4菜品1',0),(60501,605,'六食堂窗口5菜品1',105.01,'六食堂窗口5菜品1',0);
/*!40000 ALTER TABLE `dish` ENABLE KEYS */;
UNLOCK TABLES;

--
-- Table structure for table `favorite`
--

DROP TABLE IF EXISTS `favorite`;
/*!40101 SET @saved_cs_client     = @@character_set_client */;
/*!40101 SET character_set_client = utf8 */;
CREATE TABLE `favorite` (
  `favorite_id` int(11) NOT NULL,
  `user_id` int(11) NOT NULL,
  PRIMARY KEY (`favorite_id`,`user_id`)
) ENGINE=InnoDB DEFAULT CHARSET=utf8mb4;
/*!40101 SET character_set_client = @saved_cs_client */;

--
-- Dumping data for table `favorite`
--

LOCK TABLES `favorite` WRITE;
/*!40000 ALTER TABLE `favorite` DISABLE KEYS */;
INSERT INTO `favorite` VALUES (14,14),(15,15),(16,16),(21,21),(22,22),(27,27),(28,28),(29,29),(30,30),(31,31),(32,32),(33,33),(38,38),(50,50),(51,51),(101,101),(10101,10101);
/*!40000 ALTER TABLE `favorite` ENABLE KEYS */;
UNLOCK TABLES;

--
-- Table structure for table `favorite_canteen`
--

DROP TABLE IF EXISTS `favorite_canteen`;
/*!40101 SET @saved_cs_client     = @@character_set_client */;
/*!40101 SET character_set_client = utf8 */;
CREATE TABLE `favorite_canteen` (
  `favorite_id` int(11) DEFAULT NULL,
  `canteen_id` int(11) DEFAULT NULL,
  `favorite_canteen_id` int(11) NOT NULL AUTO_INCREMENT,
  PRIMARY KEY (`favorite_canteen_id`),
  KEY `fk_favorite_has_canteen_canteen1_idx` (`canteen_id`),
  KEY `fk_favorite_has_canteen_favorite1_idx` (`favorite_id`),
  CONSTRAINT `fk_favorite_has_canteen_canteen1` FOREIGN KEY (`canteen_id`) REFERENCES `canteen` (`canteen_id`) ON DELETE NO ACTION ON UPDATE NO ACTION,
  CONSTRAINT `fk_favorite_has_canteen_favorite1` FOREIGN KEY (`favorite_id`) REFERENCES `favorite` (`favorite_id`) ON DELETE NO ACTION ON UPDATE NO ACTION
) ENGINE=InnoDB AUTO_INCREMENT=85 DEFAULT CHARSET=utf8mb4;
/*!40101 SET character_set_client = @saved_cs_client */;

--
-- Dumping data for table `favorite_canteen`
--

LOCK TABLES `favorite_canteen` WRITE;
/*!40000 ALTER TABLE `favorite_canteen` DISABLE KEYS */;
INSERT INTO `favorite_canteen` VALUES (14,1,1),(14,2,2),(14,3,3),(14,4,4),(14,5,5),(14,6,6),(15,1,7),(15,2,8),(15,3,9),(15,4,10),(15,5,11),(15,6,12),(21,1,19),(21,2,20),(21,3,21),(21,4,22),(21,5,23),(21,6,24),(22,1,25),(22,2,26),(22,3,27),(22,4,28),(22,5,29),(22,6,30),(27,1,37),(27,2,38),(27,3,39),(27,4,40),(27,5,41),(27,6,42),(28,1,43),(28,2,44),(28,3,45),(28,4,46),(28,5,47),(28,6,48),(29,1,49),(29,2,50),(29,3,51),(29,4,52),(29,5,53),(29,6,54),(30,1,55),(30,2,56),(30,3,57),(30,4,58),(30,5,59),(30,6,60),(31,1,61),(31,2,62),(31,3,63),(31,4,64),(31,5,65),(31,6,66),(32,1,67),(32,2,68),(32,3,69),(32,4,70),(32,5,71),(32,6,72),(33,1,73),(33,2,74),(33,3,75),(33,4,76),(33,5,77),(33,6,78);
/*!40000 ALTER TABLE `favorite_canteen` ENABLE KEYS */;
UNLOCK TABLES;

--
-- Table structure for table `favorite_dish`
--

DROP TABLE IF EXISTS `favorite_dish`;
/*!40101 SET @saved_cs_client     = @@character_set_client */;
/*!40101 SET character_set_client = utf8 */;
CREATE TABLE `favorite_dish` (
  `dish_id` int(11) DEFAULT NULL,
  `favorite_id` int(11) DEFAULT NULL,
  `favorite_dish_id` int(11) NOT NULL AUTO_INCREMENT,
  PRIMARY KEY (`favorite_dish_id`),
  KEY `fk_dish_has_favorite_favorite1_idx` (`favorite_id`),
  KEY `fk_dish_has_favorite_dish1_idx` (`dish_id`),
  CONSTRAINT `fk_dish_has_favorite_dish1` FOREIGN KEY (`dish_id`) REFERENCES `dish` (`dish_id`) ON DELETE NO ACTION ON UPDATE NO ACTION,
  CONSTRAINT `fk_dish_has_favorite_favorite1` FOREIGN KEY (`favorite_id`) REFERENCES `favorite` (`favorite_id`) ON DELETE NO ACTION ON UPDATE NO ACTION
) ENGINE=InnoDB AUTO_INCREMENT=1093 DEFAULT CHARSET=utf8mb4;
/*!40101 SET character_set_client = @saved_cs_client */;

--
-- Dumping data for table `favorite_dish`
--

LOCK TABLES `favorite_dish` WRITE;
/*!40000 ALTER TABLE `favorite_dish` DISABLE KEYS */;
INSERT INTO `favorite_dish` VALUES (10101,14,1),(10102,14,2),(10103,14,3),(10104,14,4),(10105,14,5),(10201,14,6),(10202,14,7),(10203,14,8),(10301,14,9),(10302,14,10),(10303,14,11),(10401,14,12),(10501,14,13),(20101,14,14),(20102,14,15),(20103,14,16),(20104,14,17),(20105,14,18),(20201,14,19),(20202,14,20),(20203,14,21),(20301,14,22),(20302,14,23),(20303,14,24),(20401,14,25),(20501,14,26),(30101,14,27),(30102,14,28),(30103,14,29),(30104,14,30),(30105,14,31),(30201,14,32),(30202,14,33),(30203,14,34),(30301,14,35),(30302,14,36),(30303,14,37),(30401,14,38),(30501,14,39),(40101,14,40),(40102,14,41),(40103,14,42),(40104,14,43),(40105,14,44),(40201,14,45),(40202,14,46),(40203,14,47),(40301,14,48),(40302,14,49),(40303,14,50),(40401,14,51),(40501,14,52),(50101,14,53),(50102,14,54),(50103,14,55),(50104,14,56),(50105,14,57),(50201,14,58),(50202,14,59),(50203,14,60),(50301,14,61),(50302,14,62),(50303,14,63),(50401,14,64),(50501,14,65),(60101,14,66),(60102,14,67),(60103,14,68),(60104,14,69),(60105,14,70),(60201,14,71),(60202,14,72),(60203,14,73),(60301,14,74),(60302,14,75),(60303,14,76),(60401,14,77),(60501,14,78),(10101,15,79),(10102,15,80),(10103,15,81),(10104,15,82),(10105,15,83),(10201,15,84),(10202,15,85),(10203,15,86),(10301,15,87),(10302,15,88),(10303,15,89),(10401,15,90),(10501,15,91),(20101,15,92),(20102,15,93),(20103,15,94),(20104,15,95),(20105,15,96),(20201,15,97),(20202,15,98),(20203,15,99),(20301,15,100),(20302,15,101),(20303,15,102),(20401,15,103),(20501,15,104),(30101,15,105),(30102,15,106),(30103,15,107),(30104,15,108),(30105,15,109),(30201,15,110),(30202,15,111),(30203,15,112),(30301,15,113),(30302,15,114),(30303,15,115),(30401,15,116),(30501,15,117),(40101,15,118),(40102,15,119),(40103,15,120),(40104,15,121),(40105,15,122),(40201,15,123),(40202,15,124),(40203,15,125),(40301,15,126),(40302,15,127),(40303,15,128),(40401,15,129),(40501,15,130),(50101,15,131),(50102,15,132),(50103,15,133),(50104,15,134),(50105,15,135),(50201,15,136),(50202,15,137),(50203,15,138),(50301,15,139),(50302,15,140),(50303,15,141),(50401,15,142),(50501,15,143),(60101,15,144),(60102,15,145),(60103,15,146),(60104,15,147),(60105,15,148),(60201,15,149),(60202,15,150),(60203,15,151),(60301,15,152),(60302,15,153),(60303,15,154),(60401,15,155),(60501,15,156),(10101,21,235),(10102,21,236),(10103,21,237),(10104,21,238),(10105,21,239),(10201,21,240),(10202,21,241),(10203,21,242),(10301,21,243),(10302,21,244),(10303,21,245),(10401,21,246),(10501,21,247),(20101,21,248),(20102,21,249),(20103,21,250),(20104,21,251),(20105,21,252),(20201,21,253),(20202,21,254),(20203,21,255),(20301,21,256),(20302,21,257),(20303,21,258),(20401,21,259),(20501,21,260),(30101,21,261),(30102,21,262),(30103,21,263),(30104,21,264),(30105,21,265),(30201,21,266),(30202,21,267),(30203,21,268),(30301,21,269),(30302,21,270),(30303,21,271),(30401,21,272),(30501,21,273),(40101,21,274),(40102,21,275),(40103,21,276),(40104,21,277),(40105,21,278),(40201,21,279),(40202,21,280),(40203,21,281),(40301,21,282),(40302,21,283),(40303,21,284),(40401,21,285),(40501,21,286),(50101,21,287),(50102,21,288),(50103,21,289),(50104,21,290),(50105,21,291),(50201,21,292),(50202,21,293),(50203,21,294),(50301,21,295),(50302,21,296),(50303,21,297),(50401,21,298),(50501,21,299),(60101,21,300),(60102,21,301),(60103,21,302),(60104,21,303),(60105,21,304),(60201,21,305),(60202,21,306),(60203,21,307),(60301,21,308),(60302,21,309),(60303,21,310),(60401,21,311),(60501,21,312),(10101,22,313),(10102,22,314),(10103,22,315),(10104,22,316),(10105,22,317),(10201,22,318),(10202,22,319),(10203,22,320),(10301,22,321),(10302,22,322),(10303,22,323),(10401,22,324),(10501,22,325),(20101,22,326),(20102,22,327),(20103,22,328),(20104,22,329),(20105,22,330),(20201,22,331),(20202,22,332),(20203,22,333),(20301,22,334),(20302,22,335),(20303,22,336),(20401,22,337),(20501,22,338),(30101,22,339),(30102,22,340),(30103,22,341),(30104,22,342),(30105,22,343),(30201,22,344),(30202,22,345),(30203,22,346),(30301,22,347),(30302,22,348),(30303,22,349),(30401,22,350),(30501,22,351),(40101,22,352),(40102,22,353),(40103,22,354),(40104,22,355),(40105,22,356),(40201,22,357),(40202,22,358),(40203,22,359),(40301,22,360),(40302,22,361),(40303,22,362),(40401,22,363),(40501,22,364),(50101,22,365),(50102,22,366),(50103,22,367),(50104,22,368),(50105,22,369),(50201,22,370),(50202,22,371),(50203,22,372),(50301,22,373),(50302,22,374),(50303,22,375),(50401,22,376),(50501,22,377),(60101,22,378),(60102,22,379),(60103,22,380),(60104,22,381),(60105,22,382),(60201,22,383),(60202,22,384),(60203,22,385),(60301,22,386),(60302,22,387),(60303,22,388),(60401,22,389),(60501,22,390),(10101,27,469),(10102,27,470),(10103,27,471),(10104,27,472),(10105,27,473),(10201,27,474),(10202,27,475),(10203,27,476),(10301,27,477),(10302,27,478),(10303,27,479),(10401,27,480),(10501,27,481),(20101,27,482),(20102,27,483),(20103,27,484),(20104,27,485),(20105,27,486),(20201,27,487),(20202,27,488),(20203,27,489),(20301,27,490),(20302,27,491),(20303,27,492),(20401,27,493),(20501,27,494),(30101,27,495),(30102,27,496),(30103,27,497),(30104,27,498),(30105,27,499),(30201,27,500),(30202,27,501),(30203,27,502),(30301,27,503),(30302,27,504),(30303,27,505),(30401,27,506),(30501,27,507),(40101,27,508),(40102,27,509),(40103,27,510),(40104,27,511),(40105,27,512),(40201,27,513),(40202,27,514),(40203,27,515),(40301,27,516),(40302,27,517),(40303,27,518),(40401,27,519),(40501,27,520),(50101,27,521),(50102,27,522),(50103,27,523),(50104,27,524),(50105,27,525),(50201,27,526),(50202,27,527),(50203,27,528),(50301,27,529),(50302,27,530),(50303,27,531),(50401,27,532),(50501,27,533),(60101,27,534),(60102,27,535),(60103,27,536),(60104,27,537),(60105,27,538),(60201,27,539),(60202,27,540),(60203,27,541),(60301,27,542),(60302,27,543),(60303,27,544),(60401,27,545),(60501,27,546),(10101,28,547),(10102,28,548),(10103,28,549),(10104,28,550),(10105,28,551),(10201,28,552),(10202,28,553),(10203,28,554),(10301,28,555),(10302,28,556),(10303,28,557),(10401,28,558),(10501,28,559),(20101,28,560),(20102,28,561),(20103,28,562),(20104,28,563),(20105,28,564),(20201,28,565),(20202,28,566),(20203,28,567),(20301,28,568),(20302,28,569),(20303,28,570),(20401,28,571),(20501,28,572),(30101,28,573),(30102,28,574),(30103,28,575),(30104,28,576),(30105,28,577),(30201,28,578),(30202,28,579),(30203,28,580),(30301,28,581),(30302,28,582),(30303,28,583),(30401,28,584),(30501,28,585),(40101,28,586),(40102,28,587),(40103,28,588),(40104,28,589),(40105,28,590),(40201,28,591),(40202,28,592),(40203,28,593),(40301,28,594),(40302,28,595),(40303,28,596),(40401,28,597),(40501,28,598),(50101,28,599),(50102,28,600),(50103,28,601),(50104,28,602),(50105,28,603),(50201,28,604),(50202,28,605),(50203,28,606),(50301,28,607),(50302,28,608),(50303,28,609),(50401,28,610),(50501,28,611),(60101,28,612),(60102,28,613),(60103,28,614),(60104,28,615),(60105,28,616),(60201,28,617),(60202,28,618),(60203,28,619),(60301,28,620),(60302,28,621),(60303,28,622),(60401,28,623),(60501,28,624),(10101,29,625),(10102,29,626),(10103,29,627),(10104,29,628),(10105,29,629),(10201,29,630),(10202,29,631),(10203,29,632),(10301,29,633),(10302,29,634),(10303,29,635),(10401,29,636),(10501,29,637),(20101,29,638),(20102,29,639),(20103,29,640),(20104,29,641),(20105,29,642),(20201,29,643),(20202,29,644),(20203,29,645),(20301,29,646),(20302,29,647),(20303,29,648),(20401,29,649),(20501,29,650),(30101,29,651),(30102,29,652),(30103,29,653),(30104,29,654),(30105,29,655),(30201,29,656),(30202,29,657),(30203,29,658),(30301,29,659),(30302,29,660),(30303,29,661),(30401,29,662),(30501,29,663),(40101,29,664),(40102,29,665),(40103,29,666),(40104,29,667),(40105,29,668),(40201,29,669),(40202,29,670),(40203,29,671),(40301,29,672),(40302,29,673),(40303,29,674),(40401,29,675),(40501,29,676),(50101,29,677),(50102,29,678),(50103,29,679),(50104,29,680),(50105,29,681),(50201,29,682),(50202,29,683),(50203,29,684),(50301,29,685),(50302,29,686),(50303,29,687),(50401,29,688),(50501,29,689),(60101,29,690),(60102,29,691),(60103,29,692),(60104,29,693),(60105,29,694),(60201,29,695),(60202,29,696),(60203,29,697),(60301,29,698),(60302,29,699),(60303,29,700),(60401,29,701),(60501,29,702),(10101,30,703),(10102,30,704),(10103,30,705),(10104,30,706),(10105,30,707),(10201,30,708),(10202,30,709),(10203,30,710),(10301,30,711),(10302,30,712),(10303,30,713),(10401,30,714),(10501,30,715),(20101,30,716),(20102,30,717),(20103,30,718),(20104,30,719),(20105,30,720),(20201,30,721),(20202,30,722),(20203,30,723),(20301,30,724),(20302,30,725),(20303,30,726),(20401,30,727),(20501,30,728),(30101,30,729),(30102,30,730),(30103,30,731),(30104,30,732),(30105,30,733),(30201,30,734),(30202,30,735),(30203,30,736),(30301,30,737),(30302,30,738),(30303,30,739),(30401,30,740),(30501,30,741),(40101,30,742),(40102,30,743),(40103,30,744),(40104,30,745),(40105,30,746),(40201,30,747),(40202,30,748),(40203,30,749),(40301,30,750),(40302,30,751),(40303,30,752),(40401,30,753),(40501,30,754),(50101,30,755),(50102,30,756),(50103,30,757),(50104,30,758),(50105,30,759),(50201,30,760),(50202,30,761),(50203,30,762),(50301,30,763),(50302,30,764),(50303,30,765),(50401,30,766),(50501,30,767),(60101,30,768),(60102,30,769),(60103,30,770),(60104,30,771),(60105,30,772),(60201,30,773),(60202,30,774),(60203,30,775),(60301,30,776),(60302,30,777),(60303,30,778),(60401,30,779),(60501,30,780),(10101,31,781),(10102,31,782),(10103,31,783),(10104,31,784),(10105,31,785),(10201,31,786),(10202,31,787),(10203,31,788),(10301,31,789),(10302,31,790),(10303,31,791),(10401,31,792),(10501,31,793),(20101,31,794),(20102,31,795),(20103,31,796),(20104,31,797),(20105,31,798),(20201,31,799),(20202,31,800),(20203,31,801),(20301,31,802),(20302,31,803),(20303,31,804),(20401,31,805),(20501,31,806),(30101,31,807),(30102,31,808),(30103,31,809),(30104,31,810),(30105,31,811),(30201,31,812),(30202,31,813),(30203,31,814),(30301,31,815),(30302,31,816),(30303,31,817),(30401,31,818),(30501,31,819),(40101,31,820),(40102,31,821),(40103,31,822),(40104,31,823),(40105,31,824),(40201,31,825),(40202,31,826),(40203,31,827),(40301,31,828),(40302,31,829),(40303,31,830),(40401,31,831),(40501,31,832),(50101,31,833),(50102,31,834),(50103,31,835),(50104,31,836),(50105,31,837),(50201,31,838),(50202,31,839),(50203,31,840),(50301,31,841),(50302,31,842),(50303,31,843),(50401,31,844),(50501,31,845),(60101,31,846),(60102,31,847),(60103,31,848),(60104,31,849),(60105,31,850),(60201,31,851),(60202,31,852),(60203,31,853),(60301,31,854),(60302,31,855),(60303,31,856),(60401,31,857),(60501,31,858),(10101,32,859),(10102,32,860),(10103,32,861),(10104,32,862),(10105,32,863),(10201,32,864),(10202,32,865),(10203,32,866),(10301,32,867),(10302,32,868),(10303,32,869),(10401,32,870),(10501,32,871),(20101,32,872),(20102,32,873),(20103,32,874),(20104,32,875),(20105,32,876),(20201,32,877),(20202,32,878),(20203,32,879),(20301,32,880),(20302,32,881),(20303,32,882),(20401,32,883),(20501,32,884),(30101,32,885),(30102,32,886),(30103,32,887),(30104,32,888),(30105,32,889),(30201,32,890),(30202,32,891),(30203,32,892),(30301,32,893),(30302,32,894),(30303,32,895),(30401,32,896),(30501,32,897),(40101,32,898),(40102,32,899),(40103,32,900),(40104,32,901),(40105,32,902),(40201,32,903),(40202,32,904),(40203,32,905),(40301,32,906),(40302,32,907),(40303,32,908),(40401,32,909),(40501,32,910),(50101,32,911),(50102,32,912),(50103,32,913),(50104,32,914),(50105,32,915),(50201,32,916),(50202,32,917),(50203,32,918),(50301,32,919),(50302,32,920),(50303,32,921),(50401,32,922),(50501,32,923),(60101,32,924),(60102,32,925),(60103,32,926),(60104,32,927),(60105,32,928),(60201,32,929),(60202,32,930),(60203,32,931),(60301,32,932),(60302,32,933),(60303,32,934),(60401,32,935),(60501,32,936),(10101,33,937),(10102,33,938),(10103,33,939),(10104,33,940),(10105,33,941),(10201,33,942),(10202,33,943),(10203,33,944),(10301,33,945),(10302,33,946),(10303,33,947),(10401,33,948),(10501,33,949),(20101,33,950),(20102,33,951),(20103,33,952),(20104,33,953),(20105,33,954),(20201,33,955),(20202,33,956),(20203,33,957),(20301,33,958),(20302,33,959),(20303,33,960),(20401,33,961),(20501,33,962),(30101,33,963),(30102,33,964),(30103,33,965),(30104,33,966),(30105,33,967),(30201,33,968),(30202,33,969),(30203,33,970),(30301,33,971),(30302,33,972),(30303,33,973),(30401,33,974),(30501,33,975),(40101,33,976),(40102,33,977),(40103,33,978),(40104,33,979),(40105,33,980),(40201,33,981),(40202,33,982),(40203,33,983),(40301,33,984),(40302,33,985),(40303,33,986),(40401,33,987),(40501,33,988),(50101,33,989),(50102,33,990),(50103,33,991),(50104,33,992),(50105,33,993),(50201,33,994),(50202,33,995),(50203,33,996),(50301,33,997),(50302,33,998),(50303,33,999),(50401,33,1000),(50501,33,1001),(60101,33,1002),(60102,33,1003),(60103,33,1004),(60104,33,1005),(60105,33,1006),(60201,33,1007),(60202,33,1008),(60203,33,1009),(60301,33,1010),(60302,33,1011),(60303,33,1012),(60401,33,1013),(60501,33,1014);
/*!40000 ALTER TABLE `favorite_dish` ENABLE KEYS */;
UNLOCK TABLES;

--
-- Table structure for table `favorite_window`
--

DROP TABLE IF EXISTS `favorite_window`;
/*!40101 SET @saved_cs_client     = @@character_set_client */;
/*!40101 SET character_set_client = utf8 */;
CREATE TABLE `favorite_window` (
  `window_id` int(11) DEFAULT NULL,
  `favorite_id` int(11) DEFAULT NULL,
  `favorite_window_id` int(11) NOT NULL AUTO_INCREMENT,
  PRIMARY KEY (`favorite_window_id`),
  KEY `fk_window_has_favorite_favorite1_idx` (`favorite_id`),
  KEY `fk_window_has_favorite_window1_idx` (`window_id`),
  CONSTRAINT `fk_window_has_favorite_favorite1` FOREIGN KEY (`favorite_id`) REFERENCES `favorite` (`favorite_id`) ON DELETE NO ACTION ON UPDATE NO ACTION,
  CONSTRAINT `fk_window_has_favorite_window1` FOREIGN KEY (`window_id`) REFERENCES `window` (`window_id`) ON DELETE NO ACTION ON UPDATE NO ACTION
) ENGINE=InnoDB AUTO_INCREMENT=421 DEFAULT CHARSET=utf8mb4;
/*!40101 SET character_set_client = @saved_cs_client */;

--
-- Dumping data for table `favorite_window`
--

LOCK TABLES `favorite_window` WRITE;
/*!40000 ALTER TABLE `favorite_window` DISABLE KEYS */;
INSERT INTO `favorite_window` VALUES (101,14,1),(102,14,2),(103,14,3),(104,14,4),(105,14,5),(201,14,6),(202,14,7),(203,14,8),(204,14,9),(205,14,10),(301,14,11),(302,14,12),(303,14,13),(304,14,14),(305,14,15),(401,14,16),(402,14,17),(403,14,18),(404,14,19),(405,14,20),(501,14,21),(502,14,22),(503,14,23),(504,14,24),(505,14,25),(601,14,26),(602,14,27),(603,14,28),(604,14,29),(605,14,30),(101,15,31),(102,15,32),(103,15,33),(104,15,34),(105,15,35),(201,15,36),(202,15,37),(203,15,38),(204,15,39),(205,15,40),(301,15,41),(302,15,42),(303,15,43),(304,15,44),(305,15,45),(401,15,46),(402,15,47),(403,15,48),(404,15,49),(405,15,50),(501,15,51),(502,15,52),(503,15,53),(504,15,54),(505,15,55),(601,15,56),(602,15,57),(603,15,58),(604,15,59),(605,15,60),(101,21,91),(102,21,92),(103,21,93),(104,21,94),(105,21,95),(201,21,96),(202,21,97),(203,21,98),(204,21,99),(205,21,100),(301,21,101),(302,21,102),(303,21,103),(304,21,104),(305,21,105),(401,21,106),(402,21,107),(403,21,108),(404,21,109),(405,21,110),(501,21,111),(502,21,112),(503,21,113),(504,21,114),(505,21,115),(601,21,116),(602,21,117),(603,21,118),(604,21,119),(605,21,120),(101,22,121),(102,22,122),(103,22,123),(104,22,124),(105,22,125),(201,22,126),(202,22,127),(203,22,128),(204,22,129),(205,22,130),(301,22,131),(302,22,132),(303,22,133),(304,22,134),(305,22,135),(401,22,136),(402,22,137),(403,22,138),(404,22,139),(405,22,140),(501,22,141),(502,22,142),(503,22,143),(504,22,144),(505,22,145),(601,22,146),(602,22,147),(603,22,148),(604,22,149),(605,22,150),(101,27,181),(102,27,182),(103,27,183),(104,27,184),(105,27,185),(201,27,186),(202,27,187),(203,27,188),(204,27,189),(205,27,190),(301,27,191),(302,27,192),(303,27,193),(304,27,194),(305,27,195),(401,27,196),(402,27,197),(403,27,198),(404,27,199),(405,27,200),(501,27,201),(502,27,202),(503,27,203),(504,27,204),(505,27,205),(601,27,206),(602,27,207),(603,27,208),(604,27,209),(605,27,210),(101,28,211),(102,28,212),(103,28,213),(104,28,214),(105,28,215),(201,28,216),(202,28,217),(203,28,218),(204,28,219),(205,28,220),(301,28,221),(302,28,222),(303,28,223),(304,28,224),(305,28,225),(401,28,226),(402,28,227),(403,28,228),(404,28,229),(405,28,230),(501,28,231),(502,28,232),(503,28,233),(504,28,234),(505,28,235),(601,28,236),(602,28,237),(603,28,238),(604,28,239),(605,28,240),(101,29,241),(102,29,242),(103,29,243),(104,29,244),(105,29,245),(201,29,246),(202,29,247),(203,29,248),(204,29,249),(205,29,250),(301,29,251),(302,29,252),(303,29,253),(304,29,254),(305,29,255),(401,29,256),(402,29,257),(403,29,258),(404,29,259),(405,29,260),(501,29,261),(502,29,262),(503,29,263),(504,29,264),(505,29,265),(601,29,266),(602,29,267),(603,29,268),(604,29,269),(605,29,270),(101,30,271),(102,30,272),(103,30,273),(104,30,274),(105,30,275),(201,30,276),(202,30,277),(203,30,278),(204,30,279),(205,30,280),(301,30,281),(302,30,282),(303,30,283),(304,30,284),(305,30,285),(401,30,286),(402,30,287),(403,30,288),(404,30,289),(405,30,290),(501,30,291),(502,30,292),(503,30,293),(504,30,294),(505,30,295),(601,30,296),(602,30,297),(603,30,298),(604,30,299),(605,30,300),(101,31,301),(102,31,302),(103,31,303),(104,31,304),(105,31,305),(201,31,306),(202,31,307),(203,31,308),(204,31,309),(205,31,310),(301,31,311),(302,31,312),(303,31,313),(304,31,314),(305,31,315),(401,31,316),(402,31,317),(403,31,318),(404,31,319),(405,31,320),(501,31,321),(502,31,322),(503,31,323),(504,31,324),(505,31,325),(601,31,326),(602,31,327),(603,31,328),(604,31,329),(605,31,330),(101,32,331),(102,32,332),(103,32,333),(104,32,334),(105,32,335),(201,32,336),(202,32,337),(203,32,338),(204,32,339),(205,32,340),(301,32,341),(302,32,342),(303,32,343),(304,32,344),(305,32,345),(401,32,346),(402,32,347),(403,32,348),(404,32,349),(405,32,350),(501,32,351),(502,32,352),(503,32,353),(504,32,354),(505,32,355),(601,32,356),(602,32,357),(603,32,358),(604,32,359),(605,32,360),(101,33,361),(102,33,362),(103,33,363),(104,33,364),(105,33,365),(201,33,366),(202,33,367),(203,33,368),(204,33,369),(205,33,370),(301,33,371),(302,33,372),(303,33,373),(304,33,374),(305,33,375),(401,33,376),(402,33,377),(403,33,378),(404,33,379),(405,33,380),(501,33,381),(502,33,382),(503,33,383),(504,33,384),(505,33,385),(601,33,386),(602,33,387),(603,33,388),(604,33,389),(605,33,390);
/*!40000 ALTER TABLE `favorite_window` ENABLE KEYS */;
UNLOCK TABLES;

--
-- Table structure for table `history_item`
--

DROP TABLE IF EXISTS `history_item`;
/*!40101 SET @saved_cs_client     = @@character_set_client */;
/*!40101 SET character_set_client = utf8 */;
CREATE TABLE `history_item` (
  `user_id` int(11) DEFAULT NULL,
  `order_id` int(11) DEFAULT NULL,
  `dish_id` int(11) DEFAULT NULL,
  `history_item_id` int(11) NOT NULL AUTO_INCREMENT,
  `dish_count` int(11) DEFAULT NULL,
  PRIMARY KEY (`history_item_id`)
) ENGINE=InnoDB AUTO_INCREMENT=113 DEFAULT CHARSET=utf8mb4;
/*!40101 SET character_set_client = @saved_cs_client */;

--
-- Dumping data for table `history_item`
--

LOCK TABLES `history_item` WRITE;
/*!40000 ALTER TABLE `history_item` DISABLE KEYS */;
INSERT INTO `history_item` VALUES (14,1401,10103,29,NULL),(14,1401,10104,30,NULL),(15,1501,10101,31,NULL),(15,1501,10102,32,NULL),(16,1601,10101,38,NULL),(16,1601,10102,39,NULL),(16,1601,10103,40,NULL),(16,1602,60101,41,NULL),(16,1602,60103,42,NULL),(16,1602,60301,43,NULL),(16,1604,20104,44,NULL),(16,1604,10301,45,NULL),(16,1604,10302,46,NULL),(21,2101,10101,47,NULL),(21,2101,10102,48,NULL),(22,2201,10101,49,NULL),(22,2201,10102,50,NULL),(16,1605,40101,55,NULL),(16,1605,40102,56,NULL),(16,1605,40103,57,NULL),(16,1605,40104,58,NULL),(22,2202,10101,61,NULL),(22,2202,10102,62,NULL),(28,2801,10102,63,NULL),(28,2801,10302,64,NULL),(28,2801,10401,65,NULL),(33,3301,10101,66,NULL),(33,3301,10102,67,NULL),(33,3301,10103,68,NULL),(33,3301,10104,69,NULL),(33,3301,10105,70,NULL),(22,2203,10102,72,NULL),(22,2203,10103,73,NULL),(22,2204,10101,74,NULL),(22,2204,10102,75,NULL),(33,3304,10101,76,NULL),(33,3304,10102,77,NULL),(33,3304,10103,78,NULL),(33,3304,10104,79,NULL),(33,3304,10105,80,NULL),(33,3304,10101,81,NULL),(33,3304,10102,82,NULL),(33,3304,10103,83,NULL),(33,3304,10101,84,NULL),(33,3304,10102,85,NULL),(33,3304,10103,86,NULL),(33,3304,10104,87,NULL),(33,3305,60104,88,NULL),(16,1606,10101,89,NULL),(33,3310,30401,98,NULL),(33,3310,30401,99,NULL),(33,3310,10101,100,NULL),(33,3310,10102,101,NULL),(33,3310,10102,102,NULL),(33,3310,10102,103,NULL),(38,3801,30102,107,NULL),(38,3802,10102,108,NULL),(38,3806,10104,109,1),(38,3806,10103,110,1),(38,3806,10101,111,1),(38,3806,10102,112,1);
/*!40000 ALTER TABLE `history_item` ENABLE KEYS */;
UNLOCK TABLES;

--
-- Table structure for table `order`
--

DROP TABLE IF EXISTS `order`;
/*!40101 SET @saved_cs_client     = @@character_set_client */;
/*!40101 SET character_set_client = utf8 */;
CREATE TABLE `order` (
  `order_id` int(11) NOT NULL,
  `order_start_time` datetime DEFAULT NULL COMMENT '开始下单时间',
  `order_end_time` datetime DEFAULT NULL COMMENT '结束下单时间',
  `order_type` varchar(10) DEFAULT NULL COMMENT '堂食/外卖',
  `order_arrive_time` datetime DEFAULT NULL COMMENT '送达时间/取餐时间',
  `order_address` varchar(20) DEFAULT NULL COMMENT '目的地址',
  `deliver_id` int(11) DEFAULT NULL,
  `user_id` int(11) NOT NULL,
  `order_price` decimal(10,2) DEFAULT NULL,
  `order_pay_type` varchar(45) DEFAULT NULL COMMENT '支付宝/微信',
  `cart_id` int(11) NOT NULL,
  `order_status` int(1) unsigned zerofill NOT NULL DEFAULT '0',
  PRIMARY KEY (`user_id`,`cart_id`,`order_id`)
) ENGINE=InnoDB DEFAULT CHARSET=utf8mb4;
/*!40101 SET character_set_client = @saved_cs_client */;

--
-- Dumping data for table `order`
--

LOCK TABLES `order` WRITE;
/*!40000 ALTER TABLE `order` DISABLE KEYS */;
INSERT INTO `order` VALUES (1401,'2020-05-18 12:09:51','2020-05-18 12:09:55','堂食','2020-05-18 12:09:55','黄美祺的心',4,14,202.07,'微信',14,1),(1402,'2020-05-18 12:10:08','2020-06-01 23:42:42','堂食','2020-06-01 23:42:42','黄美祺的心',6,14,202.07,NULL,14,1),(1501,'2020-05-18 13:01:28','2020-05-18 13:01:41','堂食','2020-05-18 13:01:41','海口',6,15,303.04,'微信',15,1),(1601,'2020-05-18 15:27:46','2020-05-18 15:27:54','堂食','2020-05-18 15:27:54','1',1,16,606.12,'',16,1),(1602,'2020-05-18 15:29:06','2020-05-18 15:29:11','堂食','2020-05-18 15:29:11','1',4,16,610.08,'支付宝',16,1),(1603,'2020-05-18 15:30:15','2020-06-01 23:44:03','外卖','2020-06-01 23:44:03','1',4,16,303.12,NULL,16,1),(1604,'2020-05-18 15:31:41','2020-05-18 15:31:45','','2020-05-18 15:31:45','1',4,16,1024.24,'支付宝',16,1),(1605,'2020-05-18 17:16:29','2020-05-18 17:16:34','堂食','2020-05-18 17:16:34','1',7,16,404.10,'支付宝',16,1),(1606,'2020-05-31 11:06:06','2020-05-31 11:06:09','堂食','2020-05-31 11:06:09','1',6,16,101.01,'',16,1),(2101,'2020-05-18 16:24:34','2020-05-18 16:24:37','外卖','2020-05-18 16:24:37','10',3,21,202.03,'支付宝',21,1),(2201,'2020-05-18 16:36:15','2020-05-18 16:36:17','','2020-05-18 16:36:17','10',2,22,202.03,'支付宝',22,1),(2202,'2020-05-21 13:44:37','2020-05-21 13:44:41','','2020-05-21 13:44:41','10',4,22,202.03,'支付宝',22,1),(2203,'2020-05-23 00:56:07','2020-05-23 00:56:18','堂食','2020-05-23 00:56:18','10',6,22,202.05,'支付宝',22,1),(2204,'2020-05-23 10:24:27','2020-05-23 10:24:47','堂食','2020-05-23 10:24:47','10',2,22,202.03,'支付宝',22,1),(2801,'2020-05-21 22:36:21','2020-05-21 22:36:41','堂食','2020-05-21 22:36:41','十栋',6,28,308.05,'支付宝',28,1),(2802,'2020-05-21 22:36:46','2020-06-01 23:46:01','堂食','2020-06-01 23:46:01','十栋',1,28,308.05,NULL,28,1),(3301,'2020-05-21 23:27:51','2020-05-21 23:28:02','堂食','2020-05-21 23:28:02','紫荆公寓二期',1,33,505.15,'微信',33,1),(3302,'2020-05-21 23:28:18','2020-06-01 23:46:20','堂食','2020-06-01 23:46:20','紫荆公寓二期',5,33,505.15,NULL,33,1),(3303,'2020-05-22 21:24:34','2020-06-01 23:46:27','堂食','2020-06-01 23:46:27','紫荆公寓二期',4,33,808.21,NULL,33,1),(3304,'2020-05-25 12:50:02','2020-05-25 12:50:09','堂食','2020-05-25 12:50:09','紫荆公寓二期',4,33,1717.49,'',33,1),(3305,'2020-05-25 13:11:02','2020-06-01 23:46:37','外卖','2020-06-01 23:46:37','紫荆公寓二期',4,33,404.16,'支付宝',33,1),(3306,'2020-05-31 14:52:30','2020-06-01 23:46:44','外卖','2020-06-01 23:46:44','紫荆公寓二期',4,33,520.05,NULL,33,1),(3307,'2020-05-31 14:52:44','2020-06-01 23:46:50','外卖','2020-06-01 23:46:50','紫荆公寓二期',2,33,1040.10,NULL,33,1),(3308,'2020-06-02 15:27:30',NULL,'堂食',NULL,'紫荆公寓二期',6,33,1242.13,NULL,33,0),(3309,'2020-06-02 15:33:40',NULL,'堂食',NULL,'紫荆公寓二期',3,33,1545.19,NULL,33,0),(3310,'2020-06-02 15:45:09','2020-06-02 15:45:12','堂食','2020-06-02 15:45:12','紫荆公寓二期',5,33,1848.25,'',33,0),(3801,'2020-06-03 16:29:12','2020-06-03 16:29:16','堂食','2020-06-03 16:29:16','紫荆2',4,38,101.02,'支付宝',38,0),(3802,'2020-06-03 17:09:52','2020-06-03 17:09:55','堂食','2020-06-03 17:09:55','紫荆2',0,38,101.02,'微信',38,0),(3803,'2020-06-03 23:24:30','2020-06-03 23:24:35','堂食','2020-06-03 23:24:35','紫荆2',0,38,101.04,'支付宝',38,0),(3804,'2020-06-03 23:29:15','2020-06-03 23:29:22','堂食','2020-06-03 23:29:22','紫荆2',0,38,202.07,'支付宝',38,0),(3805,'2020-06-03 23:31:24','2020-06-03 23:31:28','堂食','2020-06-03 23:31:28','紫荆2',0,38,303.08,'支付宝',38,0),(3806,'2020-06-03 23:33:50','2020-06-03 23:33:54','堂食','2020-06-03 23:33:54','紫荆2',0,38,404.10,'支付宝',38,0);
/*!40000 ALTER TABLE `order` ENABLE KEYS */;
UNLOCK TABLES;

--
-- Table structure for table `user`
--

DROP TABLE IF EXISTS `user`;
/*!40101 SET @saved_cs_client     = @@character_set_client */;
/*!40101 SET character_set_client = utf8 */;
CREATE TABLE `user` (
  `user_id` int(11) NOT NULL AUTO_INCREMENT,
  `user_student_num` varchar(14) DEFAULT NULL,
  `user_name` varchar(20) DEFAULT NULL,
  `user_password` varchar(20) DEFAULT NULL,
  `user_gender` char(1) DEFAULT NULL,
  `user_balance` decimal(10,2) DEFAULT NULL,
  `user_type` int(11) DEFAULT NULL,
  `cart_id` int(11) DEFAULT NULL,
  `user_address_id` int(11) DEFAULT NULL,
  `user_tele_id` int(11) DEFAULT NULL,
  `user_income` decimal(10,2) DEFAULT NULL,
  PRIMARY KEY (`user_id`)
) ENGINE=InnoDB AUTO_INCREMENT=10104 DEFAULT CHARSET=utf8mb4;
/*!40101 SET character_set_client = @saved_cs_client */;

--
-- Dumping data for table `user`
--

LOCK TABLES `user` WRITE;
/*!40000 ALTER TABLE `user` DISABLE KEYS */;
INSERT INTO `user` VALUES (14,'20182783310020','黄美祺的老公','990901','m',100.00,0,14,NULL,NULL,NULL),(15,'2064649197','delucis','123123','m',100.00,0,15,NULL,NULL,NULL),(16,'20181620310046','az','LS201314','m',100.00,0,16,NULL,NULL,NULL),(21,'123','ych','123','m',100.00,0,21,NULL,NULL,NULL),(22,'123','fk','123','m',100.00,0,22,NULL,NULL,NULL),(27,'123','王','123456','m',100.00,0,27,NULL,NULL,NULL),(28,'20181620310010','大头','024220','m',100.00,0,28,NULL,NULL,NULL),(29,'20181620310094','w7799456','20000501',NULL,100.00,0,29,NULL,NULL,NULL),(30,'20186807310018','visions','ma200002040912','m',100.00,0,30,NULL,NULL,NULL),(31,'20181685310195','小可爱','ZOUQINGHUA','m',100.00,0,31,NULL,NULL,NULL),(32,'20181620310115','Loving','123456','m',100.00,0,32,NULL,NULL,NULL),(33,'20181620310068','陈中','123456','f',100.00,0,33,NULL,NULL,NULL),(38,'20181620310008','黄美祺','1234','f',100.00,0,38,NULL,NULL,NULL),(50,'2012839899001','管理员','123','m',0.00,3,50,50,50,NULL),(51,'2012839899001','管理员2','123','m',0.00,3,51,51,51,NULL),(101,'2012839899001','快递员','123','m',0.00,1,101,101,101,NULL),(10101,NULL,'商家10101','123','m',0.00,2,10101,10101,10101,NULL);
/*!40000 ALTER TABLE `user` ENABLE KEYS */;
UNLOCK TABLES;

--
-- Table structure for table `user_address`
--

DROP TABLE IF EXISTS `user_address`;
/*!40101 SET @saved_cs_client     = @@character_set_client */;
/*!40101 SET character_set_client = utf8 */;
CREATE TABLE `user_address` (
  `user_address_id` int(11) NOT NULL AUTO_INCREMENT,
  `user_address` varchar(45) DEFAULT NULL,
  `user_id` int(11) NOT NULL,
  PRIMARY KEY (`user_address_id`,`user_id`)
) ENGINE=InnoDB AUTO_INCREMENT=1010203 DEFAULT CHARSET=utf8mb4;
/*!40101 SET character_set_client = @saved_cs_client */;

--
-- Dumping data for table `user_address`
--

LOCK TABLES `user_address` WRITE;
/*!40000 ALTER TABLE `user_address` DISABLE KEYS */;
INSERT INTO `user_address` VALUES (1401,'黄美祺的心',14),(1501,'海口',15),(1601,'1',16),(2101,'10',21),(2201,'10',22),(2701,'321',27),(2801,'十栋',28),(2901,'十栋454',29),(3001,'海南大学19栋宿舍楼',30),(3101,'14栋332',31),(3201,'10#518',32),(3301,'紫荆公寓二期',33),(3801,'紫荆2',38),(5001,'home1',50),(5002,'home2',50),(5101,'home1',51),(5102,'home2',51),(10101,'home1',101),(10102,'home2',101),(1010101,'home1',10101),(1010102,'home2',10101);
/*!40000 ALTER TABLE `user_address` ENABLE KEYS */;
UNLOCK TABLES;

--
-- Table structure for table `user_tele`
--

DROP TABLE IF EXISTS `user_tele`;
/*!40101 SET @saved_cs_client     = @@character_set_client */;
/*!40101 SET character_set_client = utf8 */;
CREATE TABLE `user_tele` (
  `user_tele` varchar(15) DEFAULT NULL,
  `user_id` int(11) NOT NULL,
  `user_tele_id` int(11) NOT NULL AUTO_INCREMENT,
  PRIMARY KEY (`user_tele_id`,`user_id`)
) ENGINE=InnoDB AUTO_INCREMENT=1010203 DEFAULT CHARSET=utf8mb4;
/*!40101 SET character_set_client = @saved_cs_client */;

--
-- Dumping data for table `user_tele`
--

LOCK TABLES `user_tele` WRITE;
/*!40000 ALTER TABLE `user_tele` DISABLE KEYS */;
INSERT INTO `user_tele` VALUES ('15811808031',14,1401),('15289844696',15,1501),('13118989517',16,1601),('17674754730',21,2101),('18253738936',22,2201),('17689663769',27,2701),('17776604879',28,2801),('17645140054',29,2901),('15898809760',30,3001),('17330904770',31,3101),('17733102781',32,3201),('17330921125',33,3301),('13714186980',38,3801),('13714186211',50,5001),('13714186212',50,5002),('13714186201',51,5101),('13714186202',51,5102),('13714186281',101,10101),('13714186282',101,10102),('13714186181',10101,1010101),('13714186182',10101,1010102);
/*!40000 ALTER TABLE `user_tele` ENABLE KEYS */;
UNLOCK TABLES;

--
-- Table structure for table `window`
--

DROP TABLE IF EXISTS `window`;
/*!40101 SET @saved_cs_client     = @@character_set_client */;
/*!40101 SET character_set_client = utf8 */;
CREATE TABLE `window` (
  `window_id` int(11) NOT NULL,
  `window_name` varchar(45) DEFAULT NULL,
  `window_description` varchar(45) DEFAULT NULL,
  `canteen_id` int(11) DEFAULT NULL,
  `sort` int(11) DEFAULT NULL,
  PRIMARY KEY (`window_id`)
) ENGINE=InnoDB DEFAULT CHARSET=utf8mb4;
/*!40101 SET character_set_client = @saved_cs_client */;

--
-- Dumping data for table `window`
--

LOCK TABLES `window` WRITE;
/*!40000 ALTER TABLE `window` DISABLE KEYS */;
INSERT INTO `window` VALUES (101,'一食堂窗口1','一食堂窗口1',1,1),(102,'一食堂窗口2','一食堂窗口2',1,1),(103,'一食堂窗口3','一食堂窗口3',1,1),(104,'一食堂窗口4','一食堂窗口4',1,1),(105,'一食堂窗口5','一食堂窗口5',1,1),(201,'二食堂窗口1','二食堂窗口1',2,1),(202,'二食堂窗口2','二食堂窗口2',2,1),(203,'二食堂窗口3','二食堂窗口3',2,1),(204,'二食堂窗口4','二食堂窗口4',2,1),(205,'二食堂窗口5','二食堂窗口5',2,1),(301,'三食堂窗口1','三食堂窗口1',3,1),(302,'三食堂窗口2','三食堂窗口2',3,1),(303,'三食堂窗口3','三食堂窗口3',3,1),(304,'三食堂窗口4','三食堂窗口4',3,1),(305,'三食堂窗口5','三食堂窗口5',3,1),(401,'四食堂窗口1','四食堂窗口1',4,1),(402,'四食堂窗口2','四食堂窗口2',4,1),(403,'四食堂窗口3','四食堂窗口3',4,1),(404,'四食堂窗口4','四食堂窗口4',4,1),(405,'四食堂窗口5','四食堂窗口5',4,1),(501,'五食堂窗口1','五食堂窗口1',5,1),(502,'五食堂窗口2','五食堂窗口2',5,1),(503,'五食堂窗口3','五食堂窗口3',5,1),(504,'五食堂窗口4','五食堂窗口4',5,1),(505,'五食堂窗口5','五食堂窗口5',5,1),(601,'六食堂窗口1','六食堂窗口1',6,1),(602,'六食堂窗口2','六食堂窗口2',6,1),(603,'六食堂窗口3','六食堂窗口3',6,1),(604,'六食堂窗口4','六食堂窗口4',6,1),(605,'六食堂窗口5','六食堂窗口5',6,1);
/*!40000 ALTER TABLE `window` ENABLE KEYS */;
UNLOCK TABLES;
/*!40103 SET TIME_ZONE=@OLD_TIME_ZONE */;

/*!40101 SET SQL_MODE=@OLD_SQL_MODE */;
/*!40014 SET FOREIGN_KEY_CHECKS=@OLD_FOREIGN_KEY_CHECKS */;
/*!40014 SET UNIQUE_CHECKS=@OLD_UNIQUE_CHECKS */;
/*!40101 SET CHARACTER_SET_CLIENT=@OLD_CHARACTER_SET_CLIENT */;
/*!40101 SET CHARACTER_SET_RESULTS=@OLD_CHARACTER_SET_RESULTS */;
/*!40101 SET COLLATION_CONNECTION=@OLD_COLLATION_CONNECTION */;
/*!40111 SET SQL_NOTES=@OLD_SQL_NOTES */;

-- Dump completed on 2020-06-03 23:43:46
