<?xml version="1.0" encoding="UTF-8"?>
<!DOCTYPE mapper PUBLIC "-//mybatis.org//DTD Mapper 3.0//EN" "http://mybatis.org/dtd/mybatis-3-mapper.dtd">
<mapper namespace="com.niit.mapper.CommentsMapper">
  <resultMap id="BaseResultMap" type="com.niit.pojo.Comments">
    <id column="comment_id" jdbcType="INTEGER" property="commentId" />
    <result column="user_id" jdbcType="INTEGER" property="userId" />
    <result column="canteen_id" jdbcType="INTEGER" property="canteenId" />
    <result column="canteen_comment" jdbcType="VARCHAR" property="canteenComment" />
    <result column="window_id" jdbcType="INTEGER" property="windowId" />
    <result column="window_comment" jdbcType="VARCHAR" property="windowComment" />
    <result column="dish_id" jdbcType="INTEGER" property="dishId" />
    <result column="dish_comment" jdbcType="VARCHAR" property="dishComment" />
    <result column="comment_type" jdbcType="VARCHAR" property="commentType" />
  </resultMap>
  <delete id="deleteByPrimaryKey" parameterType="java.lang.Integer">
    delete from comments
    where comment_id = #{commentId,jdbcType=INTEGER}
  </delete>
  
   <delete id="deleteByUserId" parameterType="java.lang.Integer">
    delete from comments
    where user_id = #{userId,jdbcType=INTEGER}
  </delete>
  
  <delete id="deleteByUserIdAndCanteenId" parameterType="map">
    delete from comments
    where user_id = #{userId,jdbcType=INTEGER} and canteen_id=#{canteenId,jdbcType=INTEGER}
  </delete>
  
  <delete id="deleteByUserIdAndWindowId" parameterType="map">
    delete from comments
    where user_id = #{userId,jdbcType=INTEGER} and window_id=#{windowId,jdbcType=INTEGER}
  </delete>
  
  <delete id="deleteByUserIdAndDishId" parameterType="map">
    delete from comments
    where user_id = #{userId,jdbcType=INTEGER} and dish_id=#{dishId,jdbcType=INTEGER}
  </delete>
  
  <insert id="insert" parameterType="com.niit.pojo.Comments">
    insert into comments (comment_id, user_id, canteen_id, 
      canteen_comment, window_id, window_comment, 
      dish_id, dish_comment, comment_type
      )
    values (#{commentId,jdbcType=INTEGER}, #{userId,jdbcType=INTEGER}, #{canteenId,jdbcType=INTEGER}, 
      #{canteenComment,jdbcType=VARCHAR}, #{windowId,jdbcType=INTEGER}, #{windowComment,jdbcType=VARCHAR}, 
      #{dishId,jdbcType=INTEGER}, #{dishComment,jdbcType=VARCHAR}, #{commentType,jdbcType=VARCHAR}
      )
  </insert>
  
  <update id="updateByPrimaryKey" parameterType="com.niit.pojo.Comments">
    update comments
    set user_id = #{userId,jdbcType=INTEGER},
      canteen_id = #{canteenId,jdbcType=INTEGER},
      canteen_comment = #{canteenComment,jdbcType=VARCHAR},
      window_id = #{windowId,jdbcType=INTEGER},
      window_comment = #{windowComment,jdbcType=VARCHAR},
      dish_id = #{dishId,jdbcType=INTEGER},
      dish_comment = #{dishComment,jdbcType=VARCHAR},
      comment_type = #{commentType,jdbcType=VARCHAR}
    where comment_id = #{commentId,jdbcType=INTEGER}
  </update>
  
 
  
  
  <select id="selectByPrimaryKey" parameterType="java.lang.Integer" resultMap="BaseResultMap">
    select comment_id, user_id, canteen_id, canteen_comment, window_id, window_comment, 
    dish_id, dish_comment, comment_type
    from comments
    where comment_id = #{commentId,jdbcType=INTEGER}
  </select>
  
  
  <select id="selectByCanteenId" parameterType="java.lang.Integer" resultMap="BaseResultMap">
    select comment_id, user_id, canteen_id, canteen_comment, window_id, window_comment, 
    dish_id, dish_comment, comment_type
    from comments
    where canteen_id = #{canteenId,jdbcType=INTEGER}
  </select>
  
  <select id="selectByUserId" parameterType="java.lang.Integer" resultMap="BaseResultMap">
    select comment_id, user_id, canteen_id, canteen_comment, window_id, window_comment, 
    dish_id, dish_comment, comment_type
    from comments
    where user_id = #{userId,jdbcType=INTEGER}
  </select>
  
  <select id="selectByWindowId" parameterType="java.lang.Integer" resultMap="BaseResultMap">
    select comment_id, user_id, canteen_id, canteen_comment, window_id, window_comment, 
    dish_id, dish_comment, comment_type
    from comments
    where window_id = #{windowId,jdbcType=INTEGER}
  </select>
  
  <select id="selectByDishId" parameterType="java.lang.Integer" resultMap="BaseResultMap">
    select comment_id, user_id, canteen_id, canteen_comment, window_id, window_comment, 
    dish_id, dish_comment, comment_type
    from comments
    where dish_id = #{dishId,jdbcType=INTEGER}
  </select>
  
  <select id="selectByUserIdAndCanteenId" resultMap="BaseResultMap">
    select from comments
    where user_id = #{userId,jdbcType=INTEGER} and canteen_id=#{canteenId,jdbcType=INTEGER}
  </select>
  
  <select id="selectByUserIdAndWindowId" resultMap="BaseResultMap">
   select from comments
    where user_id = #{userId,jdbcType=INTEGER} and window_id=#{windowId,jdbcType=INTEGER}
  </select>
  
  <select id="selectByUserIdAndDishId" resultMap="BaseResultMap">
    select from comments
    where user_id = #{userId,jdbcType=INTEGER} and dish_id=#{dishId,jdbcType=INTEGER}
  </select>
  
  
  
  <select id="selectAll" resultMap="BaseResultMap">
    select comment_id, user_id, canteen_id, canteen_comment, window_id, window_comment, 
    dish_id, dish_comment, comment_type
    from comments
  </select>
</mapper>