<?xml version="1.0" encoding="UTF-8"?>
<!DOCTYPE mapper PUBLIC "-//mybatis.org//DTD Mapper 3.0//EN" "http://mybatis.org/dtd/mybatis-3-mapper.dtd">
<mapper namespace="com.niit.mapper.FavoriteMapper">
  <resultMap id="BaseResultMap" type="com.niit.pojo.Favorite">
    <id column="favorite_id" jdbcType="INTEGER" property="favoriteId" />
    <id column="user_id" jdbcType="INTEGER" property="userId" />
  </resultMap>
  <delete id="deleteByPrimaryKey" parameterType="com.niit.pojo.Favorite">
    delete from favorite
    where favorite_id = #{favoriteId,jdbcType=INTEGER}
      and user_id = #{userId,jdbcType=INTEGER}
  </delete>
  <insert id="insert" parameterType="com.niit.pojo.Favorite">
    insert into favorite (favorite_id, user_id)
    values (#{favoriteId,jdbcType=INTEGER}, #{userId,jdbcType=INTEGER})
  </insert>
  <select id="selectAll" resultMap="BaseResultMap">
    select favorite_id, user_id
    from favorite
  </select>
</mapper>