<?xml version="1.0" encoding="UTF-8"?>
<!DOCTYPE mapper PUBLIC "-//mybatis.org//DTD Mapper 3.0//EN" "http://mybatis.org/dtd/mybatis-3-mapper.dtd">
<mapper namespace="com.niit.mapper.PermissionMapper">
  <resultMap id="BaseResultMap" type="com.niit.pojo.Permission">
    <id column="id" jdbcType="INTEGER" property="id" />
    <result column="permName" jdbcType="VARCHAR" property="permname" />
    <result column="permTag" jdbcType="VARCHAR" property="permtag" />
  </resultMap>
  <delete id="deleteByPrimaryKey" parameterType="java.lang.Integer">
    delete from permission
    where id = #{id,jdbcType=INTEGER}
  </delete>
  <insert id="insert" parameterType="com.niit.pojo.Permission">
    insert into permission (id, permName, permTag
      )
    values (#{id,jdbcType=INTEGER}, #{permname,jdbcType=VARCHAR}, #{permtag,jdbcType=VARCHAR}
      )
  </insert>
  <update id="updateByPrimaryKey" parameterType="com.niit.pojo.Permission">
    update permission
    set permName = #{permname,jdbcType=VARCHAR},
      permTag = #{permtag,jdbcType=VARCHAR}
    where id = #{id,jdbcType=INTEGER}
  </update>
  <select id="selectByPrimaryKey" parameterType="java.lang.Integer" resultMap="BaseResultMap">
    select id, permName, permTag
    from permission
    where id = #{id,jdbcType=INTEGER}
  </select>
  <select id="selectAll" resultMap="BaseResultMap">
    select id, permName, permTag
    from permission
  </select>
</mapper>