<?xml version="1.0" encoding="UTF-8"?>
<!DOCTYPE mapper PUBLIC "-//mybatis.org//DTD Mapper 3.0//EN" "http://mybatis.org/dtd/mybatis-3-mapper.dtd">
<mapper namespace="com.niit.mapper.RoleMapper">
  <resultMap id="BaseResultMap" type="com.niit.pojo.Role">
    <id column="id" jdbcType="INTEGER" property="id" />
    <result column="roleName" jdbcType="VARCHAR" property="rolename" />
    <result column="roleDesc" jdbcType="VARCHAR" property="roledesc" />
  </resultMap>
  <delete id="deleteByPrimaryKey" parameterType="java.lang.Integer">
    delete from role
    where id = #{id,jdbcType=INTEGER}
  </delete>
  <insert id="insert" parameterType="com.niit.pojo.Role">
    insert into role (id, roleName, roleDesc
      )
    values (#{id,jdbcType=INTEGER}, #{rolename,jdbcType=VARCHAR}, #{roledesc,jdbcType=VARCHAR}
      )
  </insert>
  <update id="updateByPrimaryKey" parameterType="com.niit.pojo.Role">
    update role
    set roleName = #{rolename,jdbcType=VARCHAR},
      roleDesc = #{roledesc,jdbcType=VARCHAR}
    where id = #{id,jdbcType=INTEGER}
  </update>
  <select id="selectByPrimaryKey" parameterType="java.lang.Integer" resultMap="BaseResultMap">
    select id, roleName, roleDesc
    from role
    where id = #{id,jdbcType=INTEGER}
  </select>
  <select id="selectAll" resultMap="BaseResultMap">
    select id, roleName, roleDesc
    from role
  </select>
</mapper>