<?xml version="1.0" encoding="UTF-8"?>
<beans xmlns="http://www.springframework.org/schema/beans"
       xmlns:mvc="http://www.springframework.org/schema/mvc"
       xmlns:context="http://www.springframework.org/schema/context"
       xmlns:xsi="http://www.w3.org/2001/XMLSchema-instance"
       xmlns:aop="http://www.springframework.org/schema/aop"
       xsi:schemaLocation="
           http://www.springframework.org/schema/beans
           http://www.springframework.org/schema/beans/spring-beans.xsd
           http://www.springframework.org/schema/mvc
           http://www.springframework.org/schema/mvc/spring-mvc.xsd
           http://www.springframework.org/schema/context
           http://www.springframework.org/schema/context/spring-context.xsd
           http://www.springframework.org/schema/aop
		http://www.springframework.org/schema/aop/spring-aop.xsd ">
    <!-- springmvc 扫包范围 -->
    <context:component-scan base-package="com.niit.controller"/>
    <!-- 视图跳转类型 -->
    <bean class="org.springframework.web.servlet.view.InternalResourceViewResolver">
        <property name="prefix" value="/view/"/>
        <property name="suffix" value=".jsp"/>
    </bean>
    
    
    <bean class="org.springframework.web.servlet.handler.SimpleMappingExceptionResolver">
	<property name="defaultErrorView" value="errorPage" />
	<property name="exceptionAttribute" value="exc"></property>
     <property name="statusCodes">
   			<props>
                  <prop key="errorPage">404</prop>
            </props>
     </property>
     <property name="exceptionMappings">
              <props>
                  <prop key="java.lang.Exception">errorPage</prop>
            </props>
     </property>
 	</bean>	
 
 	
      <!-- 开启springmvc注解 -->
    <mvc:annotation-driven/>
</beans>