<?xml version="1.0" encoding="UTF-8"?>
<project-private xmlns="http://www.netbeans.org/ns/project-private/1">
    <editor-bookmarks xmlns="http://www.netbeans.org/ns/editor-bookmarks/2" lastBookmarkId="0"/>
    <open-files xmlns="http://www.netbeans.org/ns/projectui-open-files/2">
        <group>
            <file>file:/Users/hmqhmq/Downloads/FOODIESQUAD/src/java/foodiesquad/servlet/UserServlet.java</file>
            <file>file:/Users/hmqhmq/Downloads/FOODIESQUAD/web/WEB-INF/web.xml</file>
            <file>file:/Users/hmqhmq/Downloads/FOODIESQUAD/web/views/HomePage/homePage.jsp</file>
            <file>file:/Users/hmqhmq/Downloads/FOODIESQUAD/web/views/ChooseFoodPage/ChooseFoodPage.jsp</file>
            <file>file:/Users/hmqhmq/Downloads/FOODIESQUAD/web/views/TypeCaptchaPage/TypeCaptchaPage.jsp</file>
            <file>file:/Users/hmqhmq/Downloads/FOODIESQUAD/web/views/ChooseCanteenPage/chooseCanteenPage.jsp</file>
            <file>file:/Users/hmqhmq/Downloads/FOODIESQUAD/web/views/PersonalCenterPage/PersonalCenterPage.jsp</file>
        </group>
    </open-files>
</project-private>
