<?xml version="1.0" encoding="UTF-8"?>
<!DOCTYPE mapper PUBLIC "-//mybatis.org//DTD Mapper 3.0//EN" "http://mybatis.org/dtd/mybatis-3-mapper.dtd">
<mapper namespace="com.niit.mapper.AdminMapper">
  <resultMap id="BaseResultMap" type="com.niit.pojo.Admin">
    <id column="admin_id" jdbcType="INTEGER" property="adminId" />
    <result column="admin_name" jdbcType="VARCHAR" property="adminName" />
    <result column="admin_tele" jdbcType="VARCHAR" property="adminTele" />
    <result column="admin_pass" jdbcType="VARCHAR" property="adminPass" />
  </resultMap>
  <delete id="deleteByPrimaryKey" parameterType="java.lang.Integer">
    delete from admin
    where admin_id = #{adminId,jdbcType=INTEGER}
  </delete>
  <insert id="insert" parameterType="com.niit.pojo.Admin">
    insert into admin (admin_id, admin_name, admin_tele, 
      admin_pass)
    values (#{adminId,jdbcType=INTEGER}, #{adminName,jdbcType=VARCHAR}, #{adminTele,jdbcType=VARCHAR}, 
      #{adminPass,jdbcType=VARCHAR})
  </insert>
  <update id="updateByPrimaryKey" parameterType="com.niit.pojo.Admin">
    update admin
    set admin_name = #{adminName,jdbcType=VARCHAR},
      admin_tele = #{adminTele,jdbcType=VARCHAR},
      admin_pass = #{adminPass,jdbcType=VARCHAR}
    where admin_id = #{adminId,jdbcType=INTEGER}
  </update>
  <select id="selectByPrimaryKey" parameterType="java.lang.Integer" resultMap="BaseResultMap">
    select admin_id, admin_name, admin_tele, admin_pass
    from admin
    where admin_id = #{adminId,jdbcType=INTEGER}
  </select>
  <select id="selectAll" resultMap="BaseResultMap">
    select admin_id, admin_name, admin_tele, admin_pass
    from admin
  </select>
</mapper>