<?xml version="1.0" encoding="UTF-8"?>
<!DOCTYPE mapper PUBLIC "-//mybatis.org//DTD Mapper 3.0//EN" "http://mybatis.org/dtd/mybatis-3-mapper.dtd">
<mapper namespace="com.niit.mapper.UserAddressMapper">
  <resultMap id="BaseResultMap" type="com.niit.pojo.UserAddress">
    <id column="user_address_id" jdbcType="INTEGER" property="userAddressId" />
    <id column="user_id" jdbcType="INTEGER" property="userId" />
    <result column="user_address" jdbcType="VARCHAR" property="userAddress" />
  </resultMap>
  <delete id="deleteByPrimaryKey" parameterType="map">
    delete from user_address
    where user_address_id = #{userAddressId,jdbcType=INTEGER}
      and user_id = #{userId,jdbcType=INTEGER}
  </delete>
  <delete id="deleteByUserId" parameterType="map">
    delete from user_address
    where user_id = #{userId,jdbcType=INTEGER}
  </delete>
  <insert id="insert" parameterType="com.niit.pojo.UserAddress">
    insert into user_address (user_address_id, user_id, user_address
      )
    values (#{userAddressId,jdbcType=INTEGER}, #{userId,jdbcType=INTEGER}, #{userAddress,jdbcType=VARCHAR}
      )
  </insert>
  <update id="updateByPrimaryKey" parameterType="com.niit.pojo.UserAddress">
    update user_address
    set user_address = #{userAddress,jdbcType=VARCHAR}
    where user_address_id = #{userAddressId,jdbcType=INTEGER}
      and user_id = #{userId,jdbcType=INTEGER}
  </update>
  <select id="selectByPrimaryKey" parameterType="map" resultMap="BaseResultMap">
    select user_address_id, user_id, user_address
    from user_address
    where user_address_id = #{userAddressId,jdbcType=INTEGER}
      and user_id = #{userId,jdbcType=INTEGER}
  </select>
  <select id="selectByUserId" parameterType="map" resultMap="BaseResultMap">
    select user_address_id, user_id, user_address
    from user_address
    where user_id = #{userId,jdbcType=INTEGER}
  </select>
  <select id="selectAll" resultMap="BaseResultMap">
    select user_address_id, user_id, user_address
    from user_address
  </select>
</mapper>