<?xml version="1.0" encoding="UTF-8"?>
<!DOCTYPE mapper PUBLIC "-//mybatis.org//DTD Mapper 3.0//EN" "http://mybatis.org/dtd/mybatis-3-mapper.dtd">
<mapper namespace="com.niit.mapper.DeliverMapper">
  <resultMap id="BaseResultMap" type="com.niit.pojo.Deliver">
    <id column="deliver_id" jdbcType="INTEGER" property="deliverId" />
    <result column="deliver_name" jdbcType="VARCHAR" property="deliverName" />
    <result column="deliver_tele" jdbcType="VARCHAR" property="deliverTele" />
  </resultMap>
  <delete id="deleteByPrimaryKey" parameterType="java.lang.Integer">
    delete from deliver
    where deliver_id = #{deliverId,jdbcType=INTEGER}
  </delete>
  <insert id="insert" parameterType="com.niit.pojo.Deliver">
    insert into deliver (deliver_id, deliver_name, deliver_tele
      )
    values (#{deliverId,jdbcType=INTEGER}, #{deliverName,jdbcType=VARCHAR}, #{deliverTele,jdbcType=VARCHAR}
      )
  </insert>
  <update id="updateByPrimaryKey" parameterType="com.niit.pojo.Deliver">
    update deliver
    set deliver_name = #{deliverName,jdbcType=VARCHAR},
      deliver_tele = #{deliverTele,jdbcType=VARCHAR}
    where deliver_id = #{deliverId,jdbcType=INTEGER}
  </update>
  <select id="selectByPrimaryKey" parameterType="java.lang.Integer" resultMap="BaseResultMap">
    select deliver_id, deliver_name, deliver_tele
    from deliver
    where deliver_id = #{deliverId,jdbcType=INTEGER}
  </select>
  <select id="selectAll" resultMap="BaseResultMap">
    select deliver_id, deliver_name, deliver_tele
    from deliver
  </select>
</mapper>